metric,control,treatment,diff_pct,window
dau,78.72222222222223,78.54444444444445,-0.0022582921665490474,pre
sess_per_active,1.4546582206416319,1.4484695225418316,-0.004254400114049095,pre
avg_streak,2.0710453434771567,2.087991314992636,0.008182327619649321,pre
dau,1313.9054545454546,1342.1272727272728,0.021479337104648444,post
sess_per_active,1.4579221920896477,1.4577710886752588,-0.00010364298946041739,post
avg_streak,3.451633794278997,3.68426900036983,0.06739857700907326,post
