metric,control,treatment,diff_pct,window
dau,81.44444444444444,83.41111111111111,0.02414733969986349,pre
sess_per_active,1.4630588726384846,1.4548473914291675,-0.005612543256382052,pre
avg_streak,2.1377029359227775,2.2656293558807823,0.05984293598903778,pre
dau,1325.2872727272727,1452.2181818181818,0.09577614733272233,post
sess_per_active,1.456851600450787,1.456993655224776,9.750806049502181e-05,post
avg_streak,3.5682915655627583,4.327337109996753,0.21271959717627076,post
